Experiment,Precision,Recall,F2 Score,Leaks/Doc,Success Rate
Baseline (L0),0.382119688775295,0.7316668943672716,0.5982714140288493,34.110236220472444,1.0
L0 (No Regex),0.382119688775295,0.7316668943672716,0.5982714140288493,34.110236220472444,1.0
L0 (No NER),0.7057497743692508,0.32435595945120377,0.3565490126851939,63.275590551181104,1.0
L1 (LLM Detect Only),0.382119688775295,0.7316668943672716,0.5982714140288493,34.110236220472444,1.0
L1 (Full),0.382119688775295,0.7316668943672716,0.5982714140288493,34.110236220472444,1.0
